CardID,CustomerID
295841261,17850.0
491076910,13047.0
966476063,12583.0
396345785,13748.0
135688785,15100.0
412642646,15291.0
698770186,14688.0
407014136,17809.0
474687214,15311.0
789951634,14527.0
222558218,16098.0
531093027,18074.0
940986758,17420.0
462597258,16029.0
271197118,16250.0
204207918,12431.0
782035229,17511.0
389727105,17548.0
142343488,13705.0
965679186,13747.0
712459341,13408.0
465352565,13767.0
774255789,17924.0
864102024,13448.0
141151107,15862.0
387213295,15513.0
167028957,12791.0
584562221,16218.0
795203370,14045.0
277218286,14307.0
813137871,17908.0
455400588,17920.0
361574710,
463068763,12838.0
476513340,13255.0
849935345,16583.0
232669078,18085.0
236453916,13758.0
930657518,13694.0
834820610,15983.0
121770627,14849.0
212511123,17968.0
665308561,16210.0
538882549,17897.0
870827833,17377.0
164911069,16552.0
801165940,17181.0
472599388,17951.0
293359851,14729.0
167095881,12748.0
658575301,15012.0
850745287,12868.0
137591131,17572.0
697656571,14078.0
350006376,14001.0
495300737,12662.0
945697102,15525.0
331844637,14237.0
292282916,17905.0
909669987,15485.0
990828941,12433.0
863147692,16955.0
859723370,15350.0
592354885,15605.0
543909476,18144.0
865590461,15922.0
880172515,14594.0
163647884,15165.0
740290012,14911.0
873972312,16456.0
781893007,17841.0
716863662,12472.0
222657884,17346.0
968574025,17643.0
193223989,17873.0
204990163,13093.0
896155154,12921.0
196060853,13468.0
826022131,17760.0
424610640,16928.0
483831265,16048.0
444418494,16274.0
766965996,14496.0
148517334,14696.0
908008123,16539.0
400045265,17025.0
712884488,13777.0
834973075,17690.0
889846513,12947.0
390506145,17460.0
451040642,18229.0
419681168,14142.0
245486711,17069.0
131850836,13065.0
644719256,14606.0
972160570,16835.0
496822257,15235.0
202444195,13576.0
408219459,18011.0
668843730,13090.0
724278938,15694.0
974178482,14741.0
951421635,13715.0
798254857,14092.0
540287586,17732.0
419099430,12855.0
477455959,15752.0
717207744,17855.0
401887579,14047.0
238293936,17925.0
117671177,13941.0
454108000,17017.0
989634627,14135.0
784272011,13108.0
764148993,12471.0
991697091,15601.0
362288660,13418.0
573548070,14766.0
677526241,15658.0
389773147,14388.0
383480367,14901.0
719074245,18041.0
998128449,15955.0
420088052,15070.0
907510104,16244.0
416870250,15111.0
848892206,14390.0
926357124,16546.0
875409903,15260.0
459769913,13305.0
641120500,14491.0
849090788,14060.0
493775520,15923.0
917837729,16752.0
157902118,17287.0
252217859,15363.0
219872675,12915.0
548841512,15544.0
889321180,15738.0
699235953,16042.0
104509973,17381.0
801346744,15827.0
969074297,14180.0
845059579,13117.0
396354899,16916.0
448023105,17964.0
314790131,14466.0
749562205,17235.0
976633800,16510.0
615961961,17802.0
332564341,15107.0
252146529,17976.0
391628358,14449.0
886168335,15838.0
561269682,16781.0
838057326,17547.0
646679395,13491.0
220715720,16186.0
894620137,17685.0
148320967,17581.0
628485276,15732.0
444332253,13138.0
473356769,15823.0
439207752,17567.0
549804635,15061.0
470594029,16203.0
103099956,15640.0
964665699,15574.0
648869196,16770.0
992348099,17838.0
534904273,17228.0
351081814,14829.0
620639595,17412.0
850973087,14031.0
114729590,14775.0
642084769,12971.0
732478456,15834.0
583203041,17659.0
828507990,15299.0
800166164,15646.0
380151337,13958.0
537858749,14443.0
379790441,14156.0
605495292,16995.0
775904787,13402.0
544873242,18168.0
798276298,17757.0
298733295,14625.0
526957281,13011.0
243206904,13798.0
458046481,15384.0
837088543,14264.0
682883963,13295.0
810911895,16754.0
172645823,16634.0
275040519,18239.0
760329000,14576.0
214723791,13145.0
296298952,14395.0
272668415,14865.0
188082408,15093.0
275192581,12738.0
611895268,16150.0
563080611,17552.0
829940643,14236.0
516564191,17961.0
268960565,14573.0
813831906,17135.0
487165056,17396.0
644056402,14213.0
337065294,12967.0
281011554,12686.0
108715861,14679.0
201544049,15240.0
554225502,18225.0
254092279,13370.0
487007882,16883.0
712654905,13520.0
595988567,12841.0
149915628,16905.0
258228544,12427.0
821914579,17967.0
234694437,16891.0
490729178,14589.0
663843532,14680.0
859279625,17884.0
353375294,12557.0
920890640,14083.0
836788375,13013.0
145298952,14210.0
762711108,16477.0
573758980,12600.0
720624650,16013.0
780086547,17949.0
488954686,12779.0
166380235,16926.0
100886484,17787.0
308388612,12682.0
371959326,14723.0
393427957,17954.0
627596826,17819.0
450553663,12712.0
496836146,15373.0
758102240,16140.0
103025670,17198.0
882868868,17238.0
126204711,12793.0
531421877,15769.0
645243572,14396.0
374368627,14898.0
467191737,12725.0
785324975,16725.0
234422232,12395.0
178378163,16455.0
441374575,13081.0
698208333,15545.0
943128656,17243.0
268351676,15465.0
975202621,15708.0
195257147,13089.0
938463593,16033.0
892071401,13838.0
458639062,15351.0
775887436,18055.0
769133319,15038.0
735365463,18109.0
464981241,13069.0
815902469,16241.0
318189153,14800.0
498714963,16839.0
910145507,16168.0
253937063,16931.0
342603564,16814.0
670637978,13269.0
117973952,14813.0
979017803,12567.0
524501675,17062.0
505025387,15332.0
338856259,14810.0
744889550,16353.0
696442011,18118.0
873689981,13831.0
774715968,13506.0
445421196,17796.0
914171935,15716.0
525289264,18156.0
281692176,15221.0
819965000,16983.0
488997280,17059.0
369582757,16327.0
454179351,17211.0
584912971,17026.0
326618859,15570.0
180417178,15880.0
957499275,16718.0
386424621,15808.0
821734616,17858.0
854818996,16393.0
488392740,14161.0
722334694,17863.0
618741654,16411.0
892036287,16402.0
937495148,15023.0
811415321,17402.0
773891183,15426.0
545733685,12647.0
969716966,15894.0
871903398,15867.0
631469540,14506.0
311873444,15555.0
101671852,13034.0
157007010,15889.0
363971537,15953.0
203624473,16143.0
140045622,12720.0
436777469,16422.0
279074013,12747.0
156668278,15502.0
761473674,12763.0
220052110,14081.0
987889225,17965.0
479435210,14404.0
895107734,13579.0
534976566,13174.0
576620298,15987.0
452392017,17677.0
802630480,13652.0
166896910,12586.0
941861791,17428.0
131349058,16161.0
503032341,16858.0
919160463,18219.0
580175912,14293.0
323441291,14748.0
566710682,16638.0
297118621,17674.0
113700542,12808.0
494374007,13094.0
435814839,15899.0
357730659,12708.0
218397035,15898.0
346706318,17691.0
911483618,17227.0
513635227,15039.0
640784199,15919.0
750436883,13497.0
493479171,15860.0
724478821,14189.0
361564595,15304.0
825374763,14867.0
271354508,14344.0
106555342,12474.0
367428992,16719.0
105268250,15048.0
518026082,15301.0
437659501,14708.0
235343590,16898.0
549099135,14825.0
142294621,18113.0
152155759,17596.0
296237686,15078.0
623092457,14085.0
289523565,17860.0
364317997,13155.0
143727294,15028.0
680275822,16919.0
830752401,17259.0
155585943,17019.0
601798201,14487.0
719743912,16722.0
446338354,15882.0
759588471,14667.0
661132897,16710.0
487625260,16550.0
372078643,15984.0
783705264,17682.0
984837282,16658.0
524832442,17068.0
533510873,15356.0
961231163,17223.0
529222097,16817.0
446568428,13030.0
816097984,17191.0
249964730,15194.0
394510508,14409.0
283237949,16654.0
119872489,16861.0
114321320,16138.0
959903240,13481.0
402167337,13495.0
197935164,17519.0
411337170,17218.0
865379975,17812.0
146743531,14215.0
311856396,15602.0
774919601,17320.0
552231320,16782.0
301060369,12913.0
399644563,17869.0
863887796,13564.0
123924886,14850.0
807110128,15021.0
831182587,13963.0
230027333,17450.0
536831206,17091.0
808351783,17470.0
329189940,17616.0
727114071,15649.0
347829121,12681.0
912116945,14907.0
893055208,17735.0
537683125,16059.0
294139784,17720.0
864627225,15018.0
708460031,14733.0
165309627,13756.0
387081968,14176.0
769353201,13319.0
827010539,15353.0
558680396,18119.0
119265257,17491.0
786878600,14282.0
955798862,13569.0
722245575,15498.0
102873385,14673.0
747253617,13488.0
335853725,16221.0
610474298,15002.0
796393954,15965.0
474950726,15024.0
153741062,17675.0
458912411,13769.0
538640797,16904.0
818205934,16086.0
271004320,13786.0
961851545,13880.0
396867700,13173.0
465891703,15858.0
743819223,15180.0
931124990,12347.0
363382533,14739.0
303505078,16293.0
932574334,17419.0
695344425,16775.0
507883628,16306.0
855167318,16950.0
610239929,17591.0
799836261,12839.0
757828377,13807.0
126772371,16125.0
556011102,15081.0
304286100,18102.0
459288554,16365.0
939587183,17870.0
421715373,14821.0
625457573,16863.0
297339876,13078.0
321774804,13267.0
244288658,13050.0
779781204,12709.0
457827087,15628.0
906933036,12386.0
990536233,14796.0
681898867,16779.0
730705772,13599.0
429575953,13329.0
137272233,18077.0
872378556,14744.0
680868780,17406.0
169777735,15750.0
332354551,13983.0
453583923,13842.0
491805338,12441.0
675072710,13199.0
827400260,14032.0
926279630,17706.0
943622094,16081.0
542412394,16525.0
150364502,14952.0
511520052,17975.0
974630157,16122.0
887657566,13126.0
870220929,15973.0
132788793,16558.0
637657815,16713.0
835095181,16893.0
747897456,15529.0
145675435,18043.0
231714710,16016.0
827510206,17722.0
253878448,17324.0
130078198,17341.0
855113402,14051.0
275724249,15916.0
896433494,16233.0
515602030,16385.0
197084148,15032.0
376036220,17213.0
939258330,18061.0
161828786,13113.0
774321226,16553.0
802183652,13455.0
175069460,14217.0
253439370,17262.0
853130708,14299.0
928812278,18259.0
325816123,17676.0
589216978,16679.0
813445958,18269.0
484514098,12766.0
709370319,15298.0
238110926,18193.0
451335086,13523.0
685820259,12870.0
489852748,15005.0
700655576,15581.0
118806223,15680.0
683579996,13649.0
372258762,17894.0
764298505,13270.0
352462149,14618.0
339207005,14866.0
755927350,13077.0
184003211,13115.0
510033102,13531.0
191492883,13848.0
230003096,13140.0
994896061,15713.0
336289911,17999.0
579810513,15347.0
177544485,17340.0
439570239,13984.0
711689390,15996.0
473431752,14030.0
810208822,16252.0
157179539,16596.0
957368702,16700.0
114317184,16011.0
272888769,17655.0
828023381,16717.0
259378381,14243.0
231172090,12963.0
970268030,15079.0
752668331,14437.0
980919706,12942.0
445070240,15660.0
335630927,18092.0
991380046,15358.0
732978001,12481.0
187073641,12721.0
863101897,12621.0
672180691,18071.0
999992744,12683.0
302881851,12755.0
108037058,13854.0
472132292,12797.0
374310806,13369.0
467729743,12494.0
220332094,17857.0
948654136,17411.0
798137836,14932.0
572661038,12429.0
170988336,14987.0
126246567,14355.0
458644228,17526.0
261724646,14896.0
629954713,14440.0
274971862,13240.0
441344787,14479.0
954730304,16065.0
960496292,17430.0
697728075,16520.0
798992838,15945.0
589374073,15181.0
215916848,15856.0
284863058,13102.0
476735288,14205.0
532069762,17702.0
459354920,15271.0
375241867,13982.0
586966266,15288.0
800018703,17978.0
682001177,16795.0
177319151,16519.0
757452367,17816.0
261672898,13021.0
141838384,16255.0
472015708,17671.0
627969889,17646.0
952933845,12649.0
803249621,16350.0
359660240,12872.0
269095990,17339.0
520594843,18230.0
391569453,16499.0
477027517,17097.0
216315941,15192.0
580822144,14441.0
467440399,15279.0
732926821,16579.0
879492947,15380.0
105030562,17442.0
678481719,17950.0
713214900,12826.0
556556425,17456.0
120448403,17307.0
354308180,15811.0
742420629,13327.0
546335684,17700.0
631286758,13136.0
760478654,15535.0
359266162,12605.0
671127940,15329.0
344041502,15211.0
156775258,15596.0
528775192,16163.0
414464830,16907.0
210233296,17576.0
375880052,14713.0
325800446,14702.0
473874340,13230.0
954667158,13969.0
838512553,17530.0
137678032,15805.0
581162740,17696.0
467701750,17076.0
759822233,17827.0
700283729,16265.0
583778534,17880.0
957795117,13000.0
321033397,17790.0
597252901,12731.0
299888088,14419.0
948976058,14082.0
783673744,17912.0
637979315,15723.0
106655547,16656.0
975997322,14037.0
853746919,14256.0
343780755,14543.0
116468792,16062.0
841681885,18116.0
730817905,16019.0
501798385,18178.0
768323549,18065.0
342135198,13148.0
355455599,12989.0
868323303,14107.0
414063877,15881.0
375355898,12785.0
166195720,16727.0
449619118,15514.0
256165958,13787.0
284708099,17865.0
484410962,17220.0
500081743,16565.0
520720772,16873.0
700981625,14062.0
706959820,15179.0
568704186,18016.0
667663707,14448.0
914078118,15503.0
508675958,17251.0
268222925,16923.0
201504249,14159.0
442665195,17126.0
271464233,15224.0
584215758,14577.0
209475635,12753.0
518598374,17236.0
681578806,17372.0
543145600,16367.0
668590950,12875.0
893388831,17917.0
841308506,16010.0
270607728,17085.0
974191388,13668.0
191658422,14684.0
709922066,17188.0
159275309,15547.0
594778021,15998.0
817725850,14413.0
498715623,18004.0
416041307,13959.0
213586479,16665.0
697647923,15454.0
672898445,15044.0
386798963,17937.0
631448263,14608.0
677704212,17618.0
665570547,14505.0
236470043,18037.0
443224610,13198.0
949168232,12540.0
959154988,13225.0
345656957,15361.0
778478205,15689.0
402231501,14290.0
688793989,13209.0
729061792,13999.0
232397700,14498.0
954505419,15854.0
637443243,16701.0
899602727,16927.0
766864981,17990.0
847239972,14544.0
240089316,17338.0
180690143,17231.0
689714693,17799.0
193182343,14565.0
668279895,16726.0
362234621,17303.0
555318857,14639.0
442274676,17611.0
762589044,17179.0
422518632,17524.0
130237409,12476.0
169445593,17293.0
776409005,17890.0
508853441,17375.0
918247008,17371.0
339999179,17969.0
912075460,15159.0
340718715,13211.0
921558428,15777.0
832924807,14525.0
200696550,13324.0
802840257,13802.0
631773643,13948.0
798990261,13008.0
102929062,14206.0
475950463,16202.0
952678622,16442.0
963989717,18075.0
740438893,15468.0
973256831,16570.0
121202872,14524.0
427698341,18141.0
713141735,12434.0
805181417,16810.0
306530886,14961.0
260911526,17041.0
528715307,16458.0
976797694,16083.0
850196230,16262.0
727716562,17194.0
734298036,14057.0
457296584,14871.0
698993978,13178.0
907665508,18044.0
953258206,16812.0
238358037,16191.0
876656924,12370.0
144046415,14298.0
910570508,17158.0
305131174,14415.0
303744364,16899.0
100125810,16531.0
968242344,17404.0
564438314,16556.0
105884009,16805.0
977003844,16503.0
579276127,17739.0
531415028,13238.0
308015421,12829.0
244655594,13097.0
941245740,12867.0
216280243,15392.0
472174881,13846.0
519521396,14401.0
145291672,16145.0
791819640,17629.0
117376994,14150.0
412563418,13496.0
617938294,13611.0
329097491,16954.0
391523780,17454.0
420869256,17449.0
465761799,17230.0
317045122,12865.0
534861177,15950.0
282539802,15512.0
297281818,17525.0
992077369,13458.0
489897555,14426.0
871942678,16003.0
521305559,13092.0
146382536,13426.0
473903752,15101.0
365580966,17033.0
687192603,13221.0
598791503,14201.0
644890417,17692.0
200564128,15822.0
473798768,16134.0
124202462,17551.0
251949655,18050.0
996613724,14913.0
549433248,12666.0
964603400,15641.0
989205560,13124.0
792990974,17214.0
934723690,15456.0
650486108,15062.0
818789094,12928.0
473902499,15727.0
231157000,17980.0
801097802,15290.0
266304898,17752.0
945533776,15615.0
660373045,12577.0
401978778,17044.0
479487890,13829.0
347627480,17633.0
826168893,13266.0
209221916,17820.0
324057334,15664.0
593892432,17189.0
916832821,17496.0
346832311,16607.0
553531279,13317.0
918188087,13890.0
777122311,17001.0
203859732,15246.0
846992907,16996.0
697690244,15482.0
395365706,16037.0
621377566,14841.0
425549977,16670.0
923544483,16985.0
512884342,16705.0
195822606,16470.0
584365874,14414.0
343687079,15563.0
661373288,12980.0
650872239,16746.0
614684839,14878.0
389963274,16743.0
462733778,17146.0
463151521,12877.0
958813446,15394.0
839181985,14621.0
421253591,15379.0
645730085,14309.0
459667712,17288.0
165822811,14709.0
143738103,15157.0
487023938,17744.0
883652134,16316.0
900650322,15620.0
511168854,15789.0
163734214,16560.0
522053829,13534.0
164020033,17580.0
463283772,14777.0
530488939,15759.0
994501380,14373.0
289435261,18176.0
954889264,15366.0
576782458,14735.0
229641186,16271.0
851183695,18223.0
977889171,15532.0
599859971,16816.0
817231335,16684.0
495444551,14334.0
192961368,16945.0
902944782,14643.0
254419281,15197.0
531234599,14220.0
818199065,13874.0
434706877,18260.0
531321911,17848.0
549573064,17392.0
770199855,12348.0
560951451,14985.0
372330029,13004.0
442010266,14560.0
958990726,12931.0
941613456,13627.0
596589008,12551.0
825401738,12782.0
732786030,14769.0
384724313,15780.0
563593960,12417.0
515331374,17315.0
935680913,16711.0
395798063,12726.0
428524683,15204.0
447211622,17888.0
572648647,17007.0
720635785,15160.0
138087381,14016.0
481411005,13033.0
827852892,12691.0
125049798,13869.0
687499994,14146.0
767668068,12705.0
325965467,16885.0
794549587,17913.0
736471005,12668.0
971840557,14472.0
367121266,17358.0
790034013,16686.0
157466584,18245.0
705163524,17343.0
554282430,18256.0
650264580,16153.0
916491119,12377.0
271060331,14646.0
464248667,12944.0
980939607,15312.0
818978652,14099.0
286431061,14113.0
131428707,13104.0
981261232,17204.0
937042094,13027.0
629354816,17621.0
536623466,17090.0
446531542,14119.0
116161002,15527.0
538835338,18097.0
140956654,15460.0
730900575,15034.0
452908745,12423.0
389131757,12678.0
255017686,15208.0
373683273,17306.0
866024740,14737.0
432874625,13029.0
508707535,16270.0
592118681,13487.0
578822661,12515.0
979176584,17400.0
129067379,17593.0
337617879,13953.0
367049069,14533.0
701628490,12734.0
974724803,14944.0
357300427,17239.0
305354441,14532.0
805074027,12383.0
639867305,15562.0
242293468,15587.0
609793322,13922.0
666869948,13817.0
610603316,12585.0
264863105,13165.0
312424621,13304.0
197614642,13313.0
794595135,16875.0
508180515,16282.0
762379853,12957.0
442222996,14462.0
230492697,13397.0
104576925,13680.0
459841335,12483.0
181441996,15164.0
175701713,17457.0
594438748,14732.0
619205549,14221.0
141639608,14553.0
909605365,13253.0
466923313,17389.0
915398623,12578.0
832002211,15841.0
313745729,16112.0
343237431,13629.0
893266868,16600.0
141646188,15661.0
701644990,16532.0
475345065,15266.0
849587577,14653.0
871038330,16771.0
487977494,17585.0
874091600,15046.0
503978832,13082.0
260808388,15464.0
663153256,18226.0
639909493,18062.0
509026070,12415.0
913144523,12503.0
759394318,17368.0
396386520,14258.0
691848528,15719.0
844092455,13368.0
498074733,17634.0
669246056,16676.0
145804525,16424.0
224161608,18283.0
761989333,12735.0
215557203,13764.0
939096978,13656.0
626586521,12413.0
121008011,14312.0
703499564,13280.0
355166665,15845.0
155708415,16094.0
310527172,13187.0
387404829,16567.0
219064967,14828.0
243779121,12530.0
848945622,16551.0
446208371,16889.0
804589856,16473.0
696135616,13750.0
151676489,12501.0
331525275,15607.0
499980822,15139.0
128251078,12489.0
117588227,17707.0
177864271,18198.0
379895292,12484.0
651074601,18179.0
225778810,17284.0
532346562,13233.0
866290573,14889.0
281734003,12480.0
120082028,14672.0
708414279,13593.0
819927456,13162.0
599192251,13183.0
179052245,17095.0
248655763,12939.0
316724854,15611.0
619623645,17114.0
304878704,15059.0
652519229,16326.0
268424178,17128.0
734947491,14761.0
832683816,17555.0
125600130,12651.0
449205064,16735.0
283463264,16833.0
385195569,17800.0
761096554,16748.0
584675113,14755.0
382492552,16549.0
316563100,13565.0
639903943,15799.0
231361575,18032.0
304772681,13451.0
339792794,14794.0
372926567,12539.0
644779611,12500.0
463913808,18171.0
792792906,16279.0
197882635,12524.0
645279540,17811.0
868348991,16850.0
255410938,14321.0
408100518,15326.0
551862883,17849.0
570431380,13672.0
197366725,14229.0
685902058,13107.0
611924711,16497.0
585702845,16303.0
635007353,15281.0
129091177,12736.0
596180950,13473.0
328569047,14320.0
510375896,12393.0
167493177,17742.0
324208886,16351.0
317126870,12601.0
114836568,13144.0
311068174,15346.0
549081238,15370.0
920741444,12643.0
474349517,14295.0
871579663,16034.0
648415428,17365.0
216066906,15189.0
634507929,14669.0
468367022,18095.0
935950762,15518.0
349711442,15749.0
816252536,14209.0
435304393,15569.0
655902037,12728.0
240344891,17569.0
899641415,13784.0
350596460,12724.0
270391964,13862.0
722961790,16791.0
867755493,16235.0
613806944,14270.0
595316399,12665.0
307446436,12523.0
920250441,16655.0
593986598,16359.0
180098245,16554.0
755543171,12359.0
777517582,15939.0
735955072,14587.0
850453698,14715.0
584170512,14185.0
485699335,12437.0
852429674,14040.0
351788853,12652.0
422964795,14514.0
533218840,15171.0
934353566,14167.0
507876122,17048.0
677286797,17364.0
389848057,13284.0
710808808,16500.0
426787982,12951.0
351639508,15835.0
372578112,18190.0
663232939,13993.0
535381138,14114.0
303097677,15447.0
329525157,16315.0
696682532,14978.0
630198261,16395.0
198095984,15510.0
273090565,13614.0
398048323,13246.0
249692633,15687.0
651253108,16493.0
197522406,12490.0
248746324,12672.0
365241275,13385.0
763909222,15626.0
570223582,12553.0
160714153,15213.0
981955542,14175.0
426656885,18106.0
611597788,15033.0
909458329,14329.0
119808209,16401.0
359493148,16206.0
850794947,13782.0
958306212,12924.0
143000240,16593.0
331756078,13700.0
608596892,13064.0
577186165,13048.0
597196158,18069.0
592458905,13634.0
299039475,16843.0
287152108,17064.0
204795108,17609.0
343789023,15673.0
512525747,12626.0
522294053,14976.0
825980715,12388.0
133720948,13527.0
825703811,15696.0
416546397,15316.0
790516953,12673.0
956133188,15296.0
966001450,17988.0
557113653,12820.0
763786382,13001.0
709913517,14101.0
922384270,14238.0
353258598,17730.0
187435106,13929.0
936472664,14657.0
642285189,13859.0
106084300,18212.0
219134089,14292.0
476196287,13883.0
234952990,18233.0
905159559,17018.0
272613049,14242.0
648513742,12356.0
873822556,12346.0
112954272,13898.0
271814418,16948.0
892918415,16997.0
389546210,12527.0
867033492,15395.0
147064364,12510.0
609367970,13693.0
815788785,13263.0
797861213,14428.0
863126753,12451.0
202249501,12422.0
662243767,17708.0
271662876,14090.0
650294828,15606.0
428123916,15831.0
858488173,13310.0
816706251,14916.0
902087449,17602.0
134839127,14572.0
458609049,13502.0
966116820,14784.0
620427949,15938.0
866424721,12637.0
777751712,17418.0
217435826,14779.0
584577303,16321.0
563541721,15262.0
496169893,17862.0
615452359,16892.0
130348963,12402.0
538275144,17771.0
871681230,15422.0
630732573,14770.0
276899772,16912.0
691019240,15174.0
760741063,14895.0
620115844,12594.0
377776870,17504.0
136501315,16387.0
127360934,12664.0
190640300,16618.0
425449996,17277.0
335087344,14088.0
879318875,17094.0
267617829,14692.0
644916836,12970.0
175671639,17889.0
751553703,17644.0
929638675,17714.0
789374607,12916.0
127312198,17769.0
887361504,14450.0
673410143,16085.0
344711540,13659.0
749654051,15167.0
529787317,15443.0
485528333,14224.0
715963010,13742.0
743848440,17673.0
396524960,12727.0
945091360,14068.0
470515129,13068.0
777331214,14368.0
154008760,15497.0
990550071,12559.0
641327663,13819.0
391128603,14501.0
147138301,14782.0
361806439,17861.0
757896242,14439.0
157966845,18161.0
681237420,15820.0
152733157,18136.0
542316556,16660.0
375930162,12693.0
241088045,12625.0
677742951,13396.0
787906550,12935.0
721020532,16730.0
120742019,14541.0
918348447,13551.0
742224154,12421.0
538671809,15797.0
109614260,15052.0
503261269,14130.0
483674407,15222.0
888203450,13615.0
227463541,13901.0
933623874,13158.0
980584506,14257.0
102148077,15218.0
357607516,15110.0
589152162,14534.0
959070711,15967.0
475160306,16757.0
326616131,12854.0
173209476,13815.0
240682194,18008.0
927899546,18277.0
523158781,14389.0
911805624,13703.0
691601852,15339.0
700745878,12744.0
192567508,16222.0
678552289,14341.0
594607944,13168.0
410309519,16943.0
459092318,17515.0
521298678,17082.0
741166865,14248.0
177371415,12609.0
742852662,13002.0
844367871,16133.0
117094992,13049.0
337106455,14548.0
780690257,13405.0
771623557,14049.0
153123878,16043.0
238714691,15812.0
410312143,13837.0
810947756,17118.0
341204616,14616.0
118643654,14233.0
210362472,17075.0
146799896,16714.0
410560446,13098.0
912093771,17027.0
105566638,12591.0
755871301,17786.0
314646128,16124.0
783983778,16409.0
891355080,13754.0
139686968,15227.0
590702477,12997.0
686619077,15215.0
704956536,16918.0
287018217,16882.0
763712200,14442.0
492530778,16496.0
905287190,12764.0
883806215,17311.0
366179126,15910.0
226467676,16949.0
571778477,14970.0
645008162,14701.0
497168986,12645.0
226357168,12468.0
203675477,16767.0
488685533,14738.0
375818693,17540.0
890095488,14239.0
270240436,18125.0
474973915,13328.0
152907296,15549.0
546909980,15864.0
463919355,14662.0
147508004,17180.0
435144642,15057.0
222728605,12574.0
355895704,13330.0
993857540,13552.0
497779055,12853.0
697855802,13538.0
983119757,16755.0
761962206,14133.0
844690567,16523.0
598051886,14659.0
393918339,13141.0
861815814,15365.0
991245109,13707.0
420037931,13709.0
893010870,17329.0
406191776,14805.0
488345717,16897.0
197679472,15579.0
235774602,14595.0
494522406,13161.0
565989592,15415.0
194033535,17431.0
168574464,17463.0
476330412,14502.0
362669938,12528.0
675781389,15448.0
212187209,17314.0
472038925,17373.0
889905671,18145.0
172096032,14467.0
602285096,12908.0
956099922,15144.0
612419985,14776.0
529184106,16403.0
974266132,16407.0
150218831,17619.0
473359299,12778.0
730160008,17256.0
915264197,17604.0
490309425,14006.0
980876697,13600.0
842540260,15058.0
332090151,17147.0
190849261,13881.0
159923002,16612.0
545263282,14627.0
426735476,17356.0
207662287,12477.0
434561836,12836.0
993265529,13939.0
747708093,16745.0
799268005,13606.0
612198858,13494.0
587965690,12929.0
262894967,16419.0
684122235,17035.0
155637388,15203.0
907301121,16515.0
756917717,12373.0
423680609,18202.0
758921601,12775.0
347403314,14549.0
263607689,15981.0
603827941,16110.0
196204074,17376.0
140765891,13110.0
309117439,16716.0
314549366,12676.0
447406347,15940.0
569964808,15971.0
454569512,14665.0
256998569,14457.0
933630251,15589.0
643987428,14411.0
995477579,17560.0
780858688,15226.0
602557005,14460.0
754359103,16156.0
410224378,13728.0
750719384,14127.0
264016481,16378.0
525686880,13894.0
470057491,13824.0
922029658,18250.0
198803566,15270.0
704405526,14188.0
229565909,18017.0
195047692,15421.0
259932406,17446.0
108376297,12414.0
862600369,14798.0
946078604,12990.0
764427004,12350.0
256629721,16992.0
855155991,17337.0
993681458,16405.0
193775069,17071.0
183702051,13873.0
436365049,17362.0
427939304,13394.0
690414700,12502.0
795326746,16333.0
921794714,16030.0
458460846,14044.0
695445516,13800.0
918722572,17672.0
767559839,12464.0
254835569,13581.0
933523321,14540.0
751419875,13539.0
997678239,15885.0
894765127,14497.0
520703087,17507.0
395150646,13208.0
108467291,17334.0
128594973,13871.0
873237843,16938.0
403696753,12754.0
224589061,12410.0
351857333,17929.0
746020754,14778.0
320774382,17517.0
724440458,17226.0
722224756,13137.0
308690074,13725.0
477342523,13309.0
228771262,12842.0
301718043,16109.0
179219784,17291.0
751673556,15090.0
606707376,15199.0
727729831,13911.0
918238938,14194.0
499694515,14842.0
453847342,13584.0
453374574,17105.0
632767918,14438.0
619950038,12956.0
447016761,15781.0
569434264,14410.0
594157375,14600.0
898455431,17302.0
997552177,17613.0
264639731,13334.0
992313564,13955.0
732362134,17162.0
685135125,17774.0
575476973,13809.0
362183993,15407.0
261301915,15577.0
323407712,16332.0
405155863,14048.0
127415698,14475.0
679326542,17859.0
630247280,12576.0
876959833,15753.0
541983987,12599.0
837362579,14562.0
242430949,16951.0
310190547,16998.0
803397895,13133.0
204618115,17881.0
100627241,15843.0
200032657,17083.0
343657087,15970.0
772915223,13590.0
694733861,17537.0
202424429,12401.0
792923719,12462.0
146001477,17843.0
880343880,13706.0
214011196,17940.0
226653456,17686.0
981929855,14431.0
849791890,15809.0
930733019,12561.0
838162162,14465.0
734205974,18093.0
583035151,16027.0
781494764,12857.0
422377470,16425.0
688307602,16842.0
965753333,15796.0
602159407,14555.0
898546445,15114.0
156192751,15133.0
166684438,17705.0
245404933,18087.0
553237814,12897.0
397100476,17512.0
168175198,15550.0
118777776,14676.0
270826649,12505.0
206659548,18159.0
804090457,14304.0
617150320,15638.0
380053537,12943.0
214372187,13875.0
543395113,15406.0
666456060,18084.0
453001943,17282.0
773707820,16434.0
346384027,17050.0
948327252,13171.0
409413008,17472.0
268278473,17255.0
345185506,16084.0
567436574,17667.0
972685142,12507.0
721724716,14631.0
548300517,13381.0
665759667,15236.0
844934307,13475.0
116916148,17829.0
779450399,13717.0
525818361,13157.0
840844741,14644.0
857449219,12993.0
891127038,17571.0
712868848,16979.0
429682733,16738.0
661090341,15122.0
277970994,17612.0
408450043,17348.0
415401021,13893.0
700316927,14035.0
863281205,13623.0
669735624,14346.0
278042348,16431.0
859262588,12616.0
953694683,16317.0
490490962,14935.0
942550082,16073.0
584197061,14477.0
552494128,14760.0
835018535,14897.0
391963503,15810.0
324985690,16509.0
247491335,14386.0
276048591,12455.0
141407230,14530.0
154270277,15670.0
524396072,12653.0
997210851,16126.0
235137346,14609.0
789776977,13414.0
679539066,12823.0
266734003,12352.0
193098613,12372.0
678631029,16494.0
902455149,14959.0
645018509,16148.0
162048937,17422.0
394266839,17175.0
393034588,18257.0
911959684,12362.0
582306962,13018.0
671515710,13718.0
889985658,15382.0
256048726,14754.0
947503461,13151.0
456037963,12654.0
120569669,13085.0
232660484,15903.0
100324859,15785.0
509363941,18138.0
932691682,14379.0
451312560,14211.0
761610702,14371.0
561558009,13425.0
366849066,12852.0
945907633,15228.0
670197571,13012.0
285817794,16182.0
686664865,13489.0
765982390,12714.0
766485249,13904.0
789705980,15755.0
193297555,13932.0
711603702,13799.0
231465515,13951.0
213463248,16765.0
194501604,18172.0
377070182,16566.0
704868182,12891.0
854429979,16466.0
867252116,16115.0
120047197,14162.0
871822625,13301.0
301859369,14803.0
137370887,13744.0
334525539,12988.0
260138395,17323.0
820598313,12707.0
915154076,18094.0
302212118,15129.0
901263949,17361.0
429860795,18155.0
157293304,15321.0
269863258,13477.0
806810607,15065.0
130367681,16980.0
471009083,15146.0
732486505,12365.0
624654690,13410.0
529666325,13044.0
436460189,16441.0
726570411,16014.0
698686674,14520.0
796335958,17994.0
839061895,13038.0
188022799,17002.0
835103466,15722.0
823583173,16349.0
340965345,16913.0
453753408,18114.0
368992962,15303.0
502703747,12845.0
562969741,18188.0
844407410,16045.0
114672644,16573.0
713298647,13421.0
799286644,18196.0
531641076,13285.0
846377771,13184.0
229170447,18151.0
863000919,13804.0
891877732,17499.0
743011145,15397.0
945083916,14276.0
136951106,13453.0
391412164,16394.0
743355202,17711.0
822400403,13865.0
942078980,16940.0
344448836,14289.0
522214963,16208.0
486117787,17063.0
538507953,13149.0
960656112,18068.0
421870155,15932.0
520281607,16692.0
712578478,15590.0
240355539,17171.0
717943972,18231.0
831358491,14004.0
230336745,17139.0
736800934,14513.0
558336577,13118.0
193515904,15974.0
942666277,17830.0
657427920,12565.0
888965194,12582.0
115643820,14231.0
147938588,17867.0
421892603,14880.0
271670372,15121.0
152151246,17117.0
408846029,12945.0
362180004,18056.0
883284321,16072.0
709730881,16838.0
546450607,15543.0
286347007,13751.0
327122683,15847.0
889064545,13851.0
836642561,13501.0
537728153,12633.0
384459372,13345.0
842611387,13870.0
155903909,17034.0
583431191,16592.0
517449183,15712.0
763046159,13362.0
441183957,14470.0
300935648,17388.0
934854543,16841.0
157369592,13753.0
650469644,13666.0
283487716,12361.0
860544799,14481.0
716128584,13792.0
267386717,17663.0
754786570,13973.0
854362980,15990.0
936148071,13493.0
629172337,13684.0
974004446,13261.0
836530119,16598.0
773612468,14147.0
978911939,15951.0
809969552,13971.0
144115628,17516.0
426012106,13630.0
925892167,14157.0
729534780,13636.0
325174952,13610.0
813446284,14745.0
802185755,12781.0
813593816,14036.0
441840512,16057.0
416884248,15724.0
396092710,12458.0
612615708,12598.0
983554569,13675.0
630816618,14227.0
740492576,16668.0
747598314,16667.0
772041234,13509.0
151759763,15874.0
603921436,16187.0
241532873,16339.0
387010112,12509.0
693886912,14046.0
107034234,13292.0
644702854,16427.0
510254591,14056.0
366468924,15656.0
493762843,12811.0
263875906,16518.0
130150503,17165.0
595971670,17462.0
791012953,14620.0
930278748,14740.0
682034537,16462.0
688982921,12428.0
793344721,16078.0
403373153,16915.0
848569932,15676.0
125710318,15709.0
416845042,15241.0
111419691,12933.0
763710091,15092.0
570694139,12679.0
319286556,15319.0
927257165,16212.0
360403234,15257.0
322573802,14656.0
506244877,13884.0
798271843,12866.0
694878078,13166.0
505237525,16389.0
952354765,15416.0
147096619,15733.0
305565486,16678.0
766606057,12834.0
620199678,13722.0
664793716,14934.0
723945077,15067.0
495135960,16128.0
256976751,17770.0
945100985,15622.0
332556720,14473.0
931973495,15104.0
533079910,15643.0
414212347,16792.0
945929190,15031.0
407921955,15636.0
950100376,12873.0
996889009,17923.0
365647583,16217.0
257755972,17738.0
809289828,17426.0
727397085,16957.0
418590788,16571.0
945734704,14483.0
698846927,15087.0
504998684,16709.0
496550953,17856.0
619204152,15053.0
841536434,18218.0
279424491,16159.0
999539134,17995.0
138586813,17374.0
972304558,17789.0
933375294,17416.0
764795641,17652.0
444825644,13476.0
665292625,12817.0
293784542,15393.0
703261914,13014.0
595414840,17508.0
706785509,13931.0
607264283,12541.0
927252971,13382.0
924307635,15220.0
529410182,14570.0
261014008,14447.0
655408861,13557.0
689755589,16449.0
685240746,12547.0
875945521,17325.0
438805147,14995.0
536556157,16414.0
945110000,15681.0
367152258,14670.0
369505437,15675.0
540000047,12584.0
253912467,17535.0
773912643,15400.0
417001533,14903.0
678646635,14499.0
955953630,18211.0
165605752,14504.0
499334857,15572.0
600424079,17107.0
260945831,14247.0
999239586,15554.0
747427721,14915.0
497368936,16136.0
624893233,18280.0
982106157,12614.0
957893602,13344.0
612492342,16621.0
526940767,16225.0
426838419,14214.0
574817953,14012.0
396798657,16356.0
952472417,17654.0
806520044,15026.0
341052134,16517.0
736233655,14817.0
224900962,17092.0
847211741,16242.0
420716692,15869.0
817088143,17817.0
970503805,15234.0
368314538,15764.0
680898722,15806.0
706776409,15819.0
896187535,14586.0
386411731,15944.0
159775325,13340.0
205644734,16917.0
422565124,14407.0
882278394,13908.0
104658357,12758.0
522103641,13975.0
409020755,14730.0
127334976,12623.0
611712203,14367.0
482059974,13373.0
249760950,16712.0
215910575,17639.0
415047407,16426.0
751717113,16495.0
558974916,14336.0
973534178,14507.0
751837785,12759.0
115461090,17049.0
157033680,15206.0
526960028,14013.0
361084049,14645.0
179435626,15071.0
415102317,14112.0
696038218,13026.0
998004201,12881.0
295848609,17864.0
852752869,14936.0
835848353,17138.0
908657179,16572.0
422617490,14165.0
708162961,15367.0
751374456,14291.0
265644668,15632.0
831750467,14297.0
621037481,13899.0
845719481,16471.0
152350257,18183.0
145035758,14603.0
422303058,18173.0
934636973,14854.0
687276943,16625.0
977489416,14064.0
742727871,15308.0
385308109,18086.0
422726865,14350.0
455718598,14930.0
591283458,16080.0
437993297,14727.0
639547163,16778.0
920643577,14077.0
516950827,16808.0
431744513,16475.0
650020149,13265.0
568469918,12520.0
908893033,15049.0
923077267,18149.0
606924556,13654.0
761250346,16652.0
426350039,16766.0
681577561,16801.0
886633278,17164.0
179646310,13226.0
611895258,13043.0
799612532,14352.0
960434407,17351.0
119579786,16768.0
127595442,16693.0
390747201,13956.0
687076550,13708.0
448660236,15918.0
752902835,15671.0
835626399,14962.0
495030713,16807.0
152217907,15125.0
339796638,16871.0
665419469,12901.0
410387762,13452.0
309398148,15493.0
672349121,16005.0
738520757,15388.0
811894485,16804.0
281010133,13499.0
634479569,15047.0
576364518,14193.0
967217344,17542.0
832116107,17080.0
133740545,16392.0
437359227,15106.0
869072603,16214.0
921116802,13716.0
427902450,15150.0
921644189,16061.0
206681929,14226.0
701297262,13121.0
170230367,16297.0
111482634,12994.0
917762917,16152.0
659248332,14636.0
326721247,16040.0
424453281,15793.0
463929406,13358.0
363326106,12849.0
372562091,15182.0
881127810,13299.0
758957211,16383.0
486456546,15381.0
264504838,12597.0
377610204,15030.0
862241370,12435.0
975179219,12955.0
968145520,18189.0
142163063,13946.0
910694796,17716.0
550801473,13185.0
427212632,14840.0
973603157,13216.0
391705914,13650.0
978598804,13533.0
961006812,13268.0
726050018,15433.0
828048122,12937.0
659286677,17603.0
468623312,16216.0
766147939,16377.0
630633431,16976.0
310535164,12514.0
459854530,18210.0
170109535,13631.0
200808501,14422.0
430618411,15648.0
577686951,17725.0
893145943,15861.0
283365049,13072.0
198616931,15695.0
418144611,14110.0
287773103,14059.0
398752362,16672.0
481470780,16511.0
857992202,16256.0
297989423,13591.0
528422898,14066.0
940453701,15483.0
697610951,16626.0
488220792,15019.0
934843970,18270.0
371026784,14315.0
424140546,17921.0
594172076,14041.0
364656241,17060.0
446769778,16023.0
131869721,17133.0
838528400,12878.0
907294902,14155.0
433055758,17043.0
849378630,13046.0
661603075,14633.0
808280753,12948.0
645988123,15703.0
424809773,14071.0
897366727,17134.0
878175294,17795.0
608528575,12902.0
361806932,16444.0
556718266,14232.0
970101156,14693.0
603427337,12407.0
191685454,16728.0
960056404,16096.0
685103572,13985.0
363615986,13592.0
900682350,15140.0
692057953,12843.0
455846651,14408.0
886745529,15408.0
489599999,15445.0
202490223,15452.0
824126182,14223.0
221330630,16619.0
952327938,14762.0
296482042,13934.0
705418512,15669.0
715946046,16384.0
647866662,18224.0
109568933,14245.0
193271593,17678.0
729467329,15855.0
404825782,16036.0
796762084,17763.0
445960600,13262.0
957159099,17152.0
662546557,14632.0
742865658,13900.0
631362305,14875.0
750985452,15132.0
136956363,17272.0
898417130,16135.0
391158074,12831.0
119651876,15437.0
441486280,16809.0
100792833,14711.0
784848438,14377.0
450327216,16374.0
597354474,13196.0
211528121,15457.0
481266839,12613.0
572271074,16721.0
485773699,12399.0
994789357,17733.0
963846763,17102.0
938274789,15410.0
728863795,13239.0
356822695,15449.0
418005028,14870.0
393065123,13821.0
415475917,17096.0
582871243,12604.0
628625325,12818.0
829091705,18191.0
412463482,14461.0
622415589,13132.0
170798273,16859.0
758369008,15245.0
836274094,17486.0
378699280,16308.0
425340650,12564.0
500909299,14607.0
831657581,13249.0
713850111,15644.0
283516733,14075.0
753930360,17250.0
500488131,17966.0
783405464,14129.0
369036323,15651.0
967515777,13035.0
845081485,13341.0
361499362,13512.0
340576875,16620.0
910333908,17698.0
177163182,14267.0
508932672,13736.0
641985174,16022.0
601045971,14235.0
259725432,16769.0
277555047,17754.0
525374156,12408.0
335996942,16063.0
452592927,15178.0
892669320,14348.0
658788611,15815.0
539757819,13695.0
418558598,17979.0
863752385,13139.0
610152733,12545.0
906768515,14758.0
309175031,14536.0
377213400,13662.0
849098715,17946.0
407023099,13743.0
831011830,18078.0
694996662,16780.0
499594657,18273.0
166846080,15045.0
999277868,17625.0
890578831,13357.0
486996190,16777.0
948308667,14476.0
411680950,16245.0
919886079,12669.0
378340330,12792.0
928574642,17765.0
487168388,15083.0
161773001,18010.0
986617883,15249.0
740184202,13760.0
300564690,15624.0
641333878,17749.0
171345564,15068.0
420056917,14538.0
283794568,14851.0
420076410,14021.0
634123392,13037.0
410062342,18177.0
325551126,14128.0
479701592,17874.0
148998117,17719.0
513666668,17931.0
207331082,13803.0
149656580,17398.0
603968622,15906.0
592691626,16253.0
935878089,13439.0
555054271,12888.0
197442205,13588.0
584235650,12456.0
838607379,15521.0
284676624,13720.0
588817102,15674.0
286251821,17594.0
794427934,17775.0
791823970,13988.0
786737808,16657.0
890561050,15424.0
919583721,13316.0
751912032,16788.0
734676120,16584.0
543137064,15364.0
491977336,18108.0
552099772,14272.0
363494840,15980.0
257420448,15832.0
146836809,16092.0
677019477,15528.0
583103935,16398.0
664603300,17088.0
925462258,17438.0
199611370,13060.0
282835695,14790.0
297528524,14890.0
628710101,16386.0
789694521,14818.0
138316247,13571.0
195402577,12909.0
332025736,12619.0
583188120,16698.0
905802023,16681.0
811925340,13573.0
665532587,14957.0
872065058,13918.0
436469975,17212.0
202343205,17781.0
964652086,14886.0
256357330,13626.0
869835831,16609.0
758078308,16180.0
731122074,13462.0
694228786,18263.0
688363866,16960.0
210406161,13841.0
283572249,17701.0
308956169,12949.0
979509110,14852.0
166429029,12569.0
958595187,13169.0
806319763,16162.0
975606809,15691.0
563061708,14195.0
326514211,13781.0
990645208,17758.0
552123110,14023.0
919556480,17669.0
483464288,16142.0
718531147,17648.0
581824581,13059.0
200987162,16224.0
735749969,15223.0
351763972,17886.0
449479259,13294.0
232504785,15289.0
759147329,18185.0
339811775,17956.0
725313788,15756.0
289797249,14747.0
373444436,14719.0
548684217,13015.0
831470135,16586.0
855497630,16105.0
178509543,14546.0
558278631,15442.0
516529046,16906.0
423175553,14535.0
936682282,16170.0
735852473,15244.0
733618249,16696.0
791541455,15145.0
976062412,17492.0
912191908,13525.0
915024936,17409.0
700027251,17783.0
101686093,13863.0
101983530,13515.0
478774441,15917.0
989792081,17440.0
710929777,17045.0
819796479,17140.0
960228210,15201.0
165310179,14964.0
579597333,16031.0
887085396,14403.0
381345980,17042.0
403210973,13771.0
234921686,17906.0
455135995,18272.0
726372778,16144.0
965950303,13731.0
360435218,12580.0
690050514,14912.0
139966028,15530.0
557810758,13950.0
720884692,13752.0
881976552,13892.0
513241341,14446.0
227022094,16209.0
421748608,15754.0
123290783,13712.0
957067579,15800.0
210051057,16469.0
647623118,13005.0
365746939,14981.0
641466621,17928.0
726978456,16261.0
519883132,17883.0
818584397,14619.0
839326843,13995.0
560211909,16643.0
714476288,14246.0
338704341,18040.0
455940812,16837.0
799237529,15119.0
844987601,16325.0
371274073,14924.0
101127875,15109.0
514875699,16623.0
869960001,12999.0
843945163,12717.0
769156016,13962.0
813767477,18036.0
147728800,14958.0
803531505,13562.0
156434069,15775.0
297965800,17054.0
555695749,17268.0
599786100,13548.0
186929667,13508.0
994247176,12447.0
425664134,13570.0
504893714,13232.0
833123053,18129.0
467017844,13632.0
347375108,15665.0
727118575,17550.0
582700437,15655.0
674460617,14286.0
579914152,16188.0
965714503,12656.0
512384392,15214.0
325714319,17574.0
754057014,15737.0
437815621,18080.0
647583706,14311.0
789393748,14339.0
679927174,12982.0
896009170,12701.0
261019131,12596.0
373819069,14273.0
575720054,12363.0
199306579,13549.0
671390961,15414.0
503939047,13203.0
783358436,14628.0
101653878,14326.0
976342378,15935.0
847980776,13655.0
974607126,12910.0
699897346,13577.0
851647251,15251.0
983692105,14111.0
680546656,17160.0
700985837,16172.0
266471271,17972.0
589679779,12463.0
192353132,14844.0
466153202,17278.0
388948938,15212.0
242236491,16729.0
673680893,14998.0
244299343,13484.0
164261965,16697.0
870340552,14931.0
626743533,18236.0
944802680,13740.0
193007367,16454.0
743693524,15230.0
338702536,15134.0
878494552,16309.0
937715901,13544.0
210647844,14262.0
121828576,13134.0
874225134,17589.0
535493987,16097.0
353873856,13122.0
727024571,16966.0
674495126,17746.0
642698042,16175.0
516889881,14834.0
575532455,16348.0
323295788,15147.0
123482353,16131.0
700742413,15813.0
956542948,17058.0
997102317,17704.0
550925987,16933.0
330524143,13772.0
199492643,16249.0
316234441,14198.0
987572111,13989.0
148392959,17930.0
122319404,14154.0
646612417,14482.0
801998751,14163.0
741581648,14105.0
573742143,17601.0
880233899,17142.0
746358899,13811.0
640632314,12457.0
621039450,15135.0
193818059,16806.0
316550496,13952.0
207232295,13120.0
912175410,12769.0
602750089,13516.0
465176446,14323.0
581849578,18079.0
344536894,12639.0
566959012,14700.0
855383207,15027.0
419517614,17367.0
739699768,18213.0
624711472,17029.0
552969918,13220.0
594274996,15985.0
269232491,16193.0
560152136,15172.0
113668948,13692.0
657526580,15745.0
856323807,17582.0
490432228,13474.0
591220560,17697.0
894397093,16639.0
457591441,16947.0
769864003,15491.0
880757673,16617.0
462769221,15265.0
373819814,16226.0
744408923,18009.0
804016185,16399.0
250591230,14623.0
215388672,15625.0
561763207,18064.0
841701806,15508.0
964593873,16628.0
969146296,13647.0
995721244,15594.0
582749653,13479.0
748413156,13735.0
796283583,13376.0
390671149,15717.0
788502362,13719.0
387065450,16633.0
751394125,13101.0
133911355,15225.0
903147968,14152.0
416091434,12733.0
923803144,15436.0
260602906,17217.0
418113456,17734.0
705561382,14905.0
612580100,14148.0
318327532,16103.0
899956335,14626.0
272940320,14868.0
883964065,18246.0
643416368,13485.0
921651807,15517.0
324594122,17115.0
530797748,17120.0
991220569,16611.0
355548817,15912.0
603257058,12506.0
215270130,12670.0
508213958,17588.0
864493669,14759.0
308071503,16185.0
874226362,13505.0
307932919,13389.0
290083793,12354.0
819525905,17631.0
817608196,17061.0
494599133,17718.0
489876043,17630.0
273181455,13223.0
453905218,16146.0
457927493,17109.0
179935964,16587.0
878241494,12622.0
658771102,16750.0
833835806,13482.0
646960010,14512.0
709452361,17670.0
911657689,16834.0
980159449,15108.0
480080831,16942.0
641583775,14640.0
497732311,16823.0
286412589,15237.0
290458384,12573.0
209216080,17854.0
406676273,18220.0
309084420,17436.0
293113530,16965.0
517101644,12840.0
451267961,15891.0
656985536,17187.0
168637405,13637.0
403825011,17991.0
812001576,16418.0
559492963,16099.0
884437846,15768.0
511104946,16637.0
596883673,14240.0
418821846,15143.0
432394583,13229.0
585910282,14973.0
798364154,14271.0
690355396,15952.0
608920044,16227.0
856013380,17893.0
248860509,14022.0
149038973,15210.0
224064558,16370.0
136912647,15376.0
695746514,14655.0
335015119,17615.0
737514799,16055.0
946341065,14149.0
350829560,17501.0
673839000,14191.0
324232962,13282.0
589137222,15582.0
629274319,16230.0
726061900,18146.0
462536660,15976.0
147449773,17443.0
987359731,12886.0
458028037,17974.0
440221474,13524.0
469761114,17955.0
640653937,15128.0
756249526,16610.0
396211008,17394.0
892408300,14173.0
359917945,16258.0
302340724,14948.0
626051766,17384.0
556981636,16990.0
792186360,13762.0
296940791,12593.0
613290779,14340.0
211514013,17429.0
496188427,13711.0
649140155,14515.0
623935738,16457.0
892106917,17527.0
355339475,14199.0
866294385,13888.0
787582973,14423.0
717845976,14697.0
739210536,17522.0
869094517,13867.0
103457022,17624.0
823300617,14393.0
575501465,17578.0
956976796,13450.0
884268540,17423.0
822756746,18241.0
936338087,15668.0
969880783,16319.0
457812753,15757.0
343639472,17174.0
268057611,13365.0
704310455,18227.0
935201538,14145.0
551805566,18235.0
335878110,13741.0
985590124,12394.0
688059104,16832.0
806182015,15258.0
534655139,15552.0
161864704,18170.0
748002559,13723.0
341685063,14005.0
403416116,15561.0
479673718,16121.0
360659520,18142.0
177291023,13642.0
855123043,15117.0
895339530,13561.0
765226355,15704.0
235992416,16007.0
246052687,16232.0
391172777,17410.0
572710787,13835.0
325322275,13427.0
630834770,14353.0
582431303,12700.0
339991605,13003.0
755785009,16756.0
398050650,13492.0
604596352,16440.0
646048565,18120.0
378381430,12355.0
381361391,17723.0
483595288,14699.0
417021080,12821.0
467865577,13055.0
468992634,13320.0
688420251,16357.0
363493615,18242.0
617470451,15865.0
157702659,17597.0
853875883,14397.0
803650109,13242.0
155132312,12684.0
970880200,14288.0
470017304,15063.0
539180538,12592.0
821269695,14591.0
144756760,13990.0
439382935,12749.0
479313762,16320.0
401264801,14691.0
186260222,16229.0
254803422,14920.0
667339802,17489.0
179901885,13404.0
326008741,15729.0
512052892,16644.0
560128021,14731.0
746098347,14277.0
212853336,15187.0
286208018,13052.0
859530056,18133.0
835348039,17664.0
508224182,14649.0
572987305,13235.0
875384418,14883.0
823514740,12976.0
924527935,14681.0
455477818,14421.0
862017576,16116.0
831020318,14988.0
688945708,15489.0
320149382,14364.0
775855974,16006.0
112693277,16184.0
335287296,17932.0
145652474,18221.0
482096597,12590.0
171636480,14853.0
308947024,17658.0
259114933,17764.0
656680463,14651.0
513116034,14000.0
245338323,13601.0
447919419,12757.0
295576628,17970.0
866916725,12770.0
610367863,15826.0
124536016,15907.0
146137299,12695.0
288107053,14342.0
559696792,14873.0
859092093,14689.0
980748049,15440.0
142917869,16076.0
641805163,15333.0
665736145,16283.0
148634232,17263.0
500316943,16877.0
825108619,12674.0
555169656,16642.0
289249219,12871.0
876675043,14038.0
535815309,14489.0
911020346,14888.0
920584857,17190.0
696280994,13456.0
892187194,17898.0
313499330,13976.0
955706672,16139.0
280510166,15730.0
355319932,16266.0
873050235,15123.0
744909699,17505.0
661268088,12690.0
389077946,16446.0
873939773,17556.0
766100314,14583.0
904421291,16818.0
651964513,13572.0
543030867,14009.0
428906562,13258.0
680509342,14463.0
505733122,13192.0
860245600,16987.0
507637643,13417.0
781373756,17047.0
850905732,15116.0
371198276,17469.0
676267442,16647.0
151503550,15630.0
329666405,17245.0
724188625,16008.0
890967695,17871.0
735579938,13529.0
389102946,12620.0
392438303,15599.0
325550416,16813.0
344674413,14859.0
380568354,16463.0
751472304,15791.0
640147633,13658.0
558140913,13887.0
590676500,12353.0
475399573,14551.0
246059534,17166.0
955183322,17926.0
850001644,13391.0
415492008,17455.0
692439670,13308.0
581077400,13856.0
752293623,13243.0
135305276,15095.0
785934808,18048.0
600696148,18287.0
799842276,18150.0
565760580,16690.0
202497460,13555.0
810891693,16038.0
111312114,13972.0
613178684,13227.0
875403778,13657.0
715161530,17176.0
389255776,14837.0
415082665,14682.0
731528421,14921.0
172930883,16341.0
828402801,14647.0
535070648,12710.0
528008225,15292.0
782723922,15705.0
972462535,13339.0
232302834,13885.0
275655364,12360.0
939883144,13546.0
107986272,17715.0
673057040,18160.0
905892811,15434.0
468516655,15734.0
119614946,13737.0
728660716,13213.0
374964650,18018.0
384572411,15314.0
796367472,17521.0
181061120,15042.0
233648415,12863.0
249650467,16091.0
344875899,15804.0
647054916,14593.0
571570548,14287.0
305859514,16763.0
669789589,14705.0
233867722,12562.0
746158916,12815.0
256370771,14522.0
793367366,16448.0
692808914,14584.0
214268794,12974.0
820515958,12987.0
509102203,14816.0
288115112,15852.0
306148829,16624.0
743052296,12493.0
622901624,18232.0
512950099,18073.0
848675613,16369.0
269314144,14280.0
150326606,13135.0
389499357,17345.0
255357048,16275.0
347873355,14338.0
372885595,15402.0
438836156,12876.0
812577059,16323.0
160526077,12426.0
544213333,14451.0
824249952,14823.0
654525442,15897.0
961954633,17051.0
190788488,15925.0
369819108,12787.0
378485775,15863.0
531823776,16483.0
502414013,13398.0
678064278,13070.0
283003278,14819.0
512787421,12790.0
573014005,15163.0
694616643,18204.0
122976641,15124.0
684418034,12473.0
120407437,16969.0
826004601,14597.0
428612083,13917.0
633868304,13062.0
370117024,16484.0
769501147,15184.0
960424237,18135.0
505979071,14453.0
229976692,17900.0
350922149,13437.0
390449887,12517.0
932843680,16529.0
720227601,17531.0
620841773,16239.0
383986111,14500.0
158370713,16117.0
327201557,13248.0
741043855,16967.0
243809660,15405.0
916625926,16659.0
303687998,16880.0
979667208,13435.0
304698286,13131.0
972804030,14891.0
461260932,16682.0
295520995,15453.0
647584891,16963.0
550793270,13682.0
545953247,15152.0
138697113,15462.0
849281262,12449.0
909684078,15349.0
290426163,16849.0
503335494,12802.0
588426877,15073.0
551633834,16298.0
713404078,12535.0
476432185,18248.0
348836043,15386.0
732941325,17252.0
435870661,14542.0
353707052,16825.0
236375111,12380.0
604053990,18072.0
856377482,13643.0
311319494,15969.0
677340516,13283.0
726529891,17015.0
818725501,14375.0
218351121,17124.0
677013584,17987.0
775972392,13395.0
449026064,17828.0
550157577,15743.0
935019671,17414.0
115800296,14622.0
935783860,15609.0
664691711,14561.0
877045313,16872.0
733379037,16358.0
206054337,15238.0
720828872,13466.0
961566313,17360.0
359591490,13510.0
554904235,12406.0
546782437,14241.0
159076857,14132.0
438935346,14963.0
849865728,17169.0
909558646,15252.0
894731917,17731.0
259853929,16113.0
738562789,12694.0
767140635,16107.0
626859668,17483.0
729449390,15679.0
596455545,13686.0
504875528,16581.0
234781018,15267.0
531241385,17234.0
118825795,17797.0
638715967,16614.0
406070673,12409.0
607599721,15411.0
240743781,14178.0
638074180,15098.0
243185608,18281.0
144600219,14984.0
437700823,12516.0
695672207,17265.0
888531698,13617.0
866474159,17242.0
341924277,17289.0
700307929,16018.0
648069985,14704.0
742464294,16794.0
166150911,13761.0
588470866,13517.0
622076778,13936.0
509307335,16342.0
153001327,14177.0
891181868,12732.0
153760165,16205.0
570478884,15036.0
686336760,13589.0
653321107,17579.0
960085750,15069.0
688773977,17349.0
791976657,13080.0
775658284,13663.0
423217109,14503.0
324890251,16774.0
488032141,13384.0
744195367,17101.0
734652442,14997.0
427125708,17155.0
455347098,12809.0
499800831,16461.0
944391357,13343.0
376911699,12624.0
267794149,18165.0
342144870,17536.0
184708719,16324.0
971101619,17651.0
241053523,14222.0
556878670,15585.0
465693213,17490.0
854332841,16739.0
597592582,16276.0
405767940,17193.0
113504517,16257.0
589711440,14285.0
443803985,17642.0
381331465,12816.0
168964774,13826.0
571475352,13575.0
259551511,17157.0
983608994,16852.0
574897348,15219.0
662980971,15014.0
752400072,14765.0
156080788,16869.0
425550333,15909.0
220113640,13618.0
468270045,16050.0
870903025,17879.0
875733743,17562.0
532609298,15334.0
758976638,12450.0
209339529,13568.0
519114524,14820.0
509300435,16744.0
934513102,15700.0
974023918,17299.0
201736283,12837.0
209910080,15076.0
902267454,17444.0
864361061,15921.0
292132731,15747.0
757599726,15840.0
578596235,15016.0
503579708,14808.0
629382965,12904.0
278598247,15825.0
388804801,12432.0
864992909,15389.0
597166073,15280.0
440793674,17159.0
991023000,12830.0
928495283,15507.0
401657955,18252.0
686885889,16526.0
977886144,17695.0
644218201,12930.0
629026507,14960.0
473075334,12444.0
955022585,17960.0
178796978,15412.0
965263416,13763.0
954706932,12798.0
549013560,13849.0
514434643,16114.0
399127307,13420.0
172109893,13780.0
216268906,17877.0
366502964,16247.0
903028156,15041.0
344767087,12379.0
103362370,16287.0
283391408,12919.0
299343873,15130.0
902866502,12704.0
547836476,17370.0
461176521,17709.0
401601017,15253.0
522865913,13300.0
992467149,17759.0
633810411,12465.0
576186292,12412.0
953399994,12697.0
539743403,13937.0
989020015,12615.0
385290128,15850.0
150730843,15186.0
115357983,13791.0
211602436,14795.0
553118665,17768.0
509083796,18112.0
119861872,12548.0
480707366,17386.0
592715229,14104.0
112431095,17110.0
487564964,13895.0
771413657,16545.0
657286722,16671.0
539170915,14351.0
983410762,17391.0
176606883,16824.0
259118442,17750.0
173227207,16200.0
888377829,17997.0
168579341,14383.0
768418477,13461.0
375283993,17408.0
198313139,15537.0
461096234,14327.0
690139988,17837.0
760605112,12424.0
303632054,15578.0
645443389,15584.0
263854179,13745.0
454023128,16498.0
691634166,17891.0
962405899,17123.0
345143153,16866.0
908252214,13730.0
960562042,16589.0
683390325,12922.0
934908869,16009.0
918610028,14053.0
293638992,17939.0
314698981,17312.0
295779507,13833.0
438444643,17899.0
627673380,15007.0
453832877,17464.0
709004075,18265.0
214545070,16344.0
922621724,13338.0
609911532,17024.0
977130023,14034.0
561432511,18203.0
321643476,16616.0
236055830,16338.0
815144446,17046.0
815332051,13109.0
457357719,16829.0
210676808,13217.0
541757065,14002.0
919030696,12977.0
632612489,13291.0
298396792,13583.0
263623424,16929.0
949265839,17892.0
639695875,15505.0
673882659,14459.0
283154216,18013.0
807543547,13681.0
634218947,13699.0
892404415,14493.0
872056253,13486.0
133258599,13302.0
248641111,16012.0
736348543,12635.0
242728738,17031.0
208845266,12461.0
484709662,12648.0
353770870,18121.0
795365089,15901.0
171404625,14918.0
133487114,15920.0
698397682,17353.0
792244706,18024.0
737827255,15467.0
230554632,16174.0
333168381,13678.0
332476061,14690.0
527301620,13058.0
943701864,14552.0
168424667,12556.0
232873007,13224.0
669724412,16989.0
796682831,12358.0
823215429,13207.0
617870803,18122.0
530833505,12722.0
300786945,17405.0
695993817,13311.0
694067731,15051.0
893127912,15895.0
114402616,15795.0
636784866,13669.0
964940615,16450.0
953466811,13667.0
839359472,14400.0
123303320,12405.0
788015278,14265.0
543192047,14847.0
277652614,14862.0
793006712,16488.0
252409807,15256.0
454319236,14716.0
199651716,13933.0
277488282,14857.0
113671050,15306.0
967894249,15839.0
648336287,13994.0
580840963,17554.0
306021612,14332.0
822729837,17266.0
748777262,17948.0
950738998,15004.0
541530378,14722.0
261590949,13507.0
889693990,13967.0
582127239,16054.0
541198129,12833.0
595202997,16474.0
511152604,17984.0
966400954,12589.0
186562532,17448.0
835973886,16762.0
576663179,15369.0
519284559,13154.0
840395275,13940.0
336059727,14029.0
883314349,14117.0
707403907,13167.0
286949455,17779.0
555286693,13991.0
500843382,18101.0
708579827,17065.0
625537965,13827.0
379209611,12560.0
233463483,16764.0
426306975,18180.0
208692371,12521.0
463739072,17866.0
751648513,15802.0
863989496,17229.0
934979454,14456.0
698328854,16464.0
542813320,17962.0
597746224,16149.0
663266328,14259.0
955333174,18143.0
278349756,17935.0
763609038,14517.0
851232695,17694.0
223218351,17660.0
302916524,16041.0
858468258,15623.0
304049970,15829.0
683580777,15232.0
256702949,12438.0
541209699,12627.0
375814590,13079.0
884145107,18262.0
784614931,13563.0
273918572,15506.0
235846265,16305.0
321297105,12864.0
572513959,17724.0
332362204,17703.0
740100670,13116.0
948959195,14019.0
488537043,17649.0
656065349,16178.0
547858070,17040.0
664771044,14100.0
261833826,16557.0
411093152,13296.0
980662296,13814.0
736291969,16364.0
412643154,17693.0
485831561,15372.0
864620139,15618.0
219715349,13930.0
452948757,13379.0
715028358,13194.0
503082433,16447.0
281883279,14305.0
175310808,12397.0
528717535,14331.0
500165439,15261.0
530554145,15105.0
232013283,13813.0
503071142,18268.0
775336075,14855.0
272832290,13925.0
549510178,18237.0
271663628,12453.0
556101986,15639.0
192666461,15118.0
867499734,15746.0
789448122,12743.0
749480113,15942.0
424584663,14143.0
820196792,15120.0
639532988,16147.0
532661059,13277.0
241484534,18127.0
850859980,15149.0
463554034,18081.0
765633843,14511.0
707179907,12716.0
721678735,15776.0
585475166,12981.0
150554803,13106.0
381219267,13928.0
265906552,14885.0
431292404,13388.0
263396985,15438.0
280108798,17173.0
484564231,17941.0
503010371,14947.0
492651641,17053.0
391171004,12534.0
728317417,12844.0
713213278,14567.0
782396825,14937.0
754236384,12828.0
476898231,16984.0
276034809,13023.0
330499577,17553.0
324460373,13075.0
902978573,15342.0
641974432,12644.0
360111622,12378.0
899918630,17788.0
988852033,13850.0
639484175,14076.0
588074896,13805.0
922229904,17887.0
946825216,13186.0
577633105,12750.0
484485246,15374.0
848682031,17656.0
832607971,16102.0
882564109,15089.0
512227750,14972.0
866595086,17514.0
376678039,12917.0
507146913,12689.0
429965757,14768.0
674654191,17584.0
849604980,15254.0
657458645,18099.0
349977305,15205.0
542234727,13218.0
136368451,17267.0
550368013,16302.0
716619537,13513.0
675160352,14720.0
591193430,18282.0
167796988,12610.0
756630205,13200.0
627901766,14079.0
522683764,17298.0
830468928,14024.0
181888983,16066.0
533581861,15198.0
485965772,12885.0
848425878,17331.0
678689542,13016.0
306700959,13500.0
852486626,15247.0
282932473,13355.0
300682487,16053.0
601410387,13919.0
638624317,12384.0
278199661,16292.0
648266585,12571.0
913933740,14116.0
717537822,14495.0
510896328,15494.0
218825864,15608.0
544724020,17248.0
212315402,17653.0
233540890,13645.0
853395309,15469.0
624711596,13307.0
850856379,12381.0
768593243,17122.0
612693874,14406.0
796932973,15683.0
733279029,14301.0
402890107,14658.0
753000726,13621.0
569606153,16272.0
281369557,17958.0
939828046,16836.0
786077183,16961.0
254244857,16902.0
206383537,15706.0
473116989,15480.0
748154389,15315.0
943930586,15653.0
852501754,13159.0
288962276,13189.0
967703668,17637.0
461110618,12641.0
325273539,13470.0
506352198,15786.0
747292014,15541.0
196656240,16734.0
752009926,16706.0
602939198,17070.0
859426276,12688.0
541928481,12729.0
186116407,12962.0
845563179,13273.0
933899911,17736.0
369187857,15472.0
414535915,12680.0
668785199,16582.0
648636784,17747.0
389907362,12513.0
386086092,15396.0
757104734,12418.0
879505146,16828.0
998645100,14712.0
641540056,12991.0
964109831,14772.0
818342793,12364.0
239406022,12968.0
269682744,16330.0
603941857,14566.0
221536359,15701.0
262923235,12518.0
131527137,14529.0
478805803,16536.0
709352737,15313.0
870909698,15801.0
681753148,16201.0
856800551,16555.0
934762963,16952.0
240960324,14387.0
838025429,17073.0
832021937,18147.0
514355966,14523.0
460875702,14418.0
237728595,12642.0
933444080,16968.0
482769754,16723.0
522775320,13411.0
672192712,16340.0
664261788,13236.0
992057072,14196.0
189087824,15263.0
723763561,14314.0
637054741,16093.0
466594701,17844.0
144972980,14687.0
911340231,14050.0
251450254,16429.0
633111226,14055.0
373074168,12715.0
885438478,15663.0
361965646,18200.0
359167075,18167.0
588119636,13644.0
313057418,17451.0
615298999,16641.0
239603221,13812.0
350179510,14141.0
265595794,15074.0
674950021,12492.0
549617060,17183.0
231486342,15325.0
631296704,13778.0
468069579,14869.0
779602703,14096.0
301672825,14108.0
297189101,12814.0
402923905,15866.0
793967427,14660.0
301440566,13726.0
596697626,15690.0
251573749,17777.0
195907954,16278.0
254830941,13276.0
586319570,12436.0
259188996,13147.0
384010227,13045.0
795224155,13099.0
441737459,12739.0
966443915,14420.0
567636535,14436.0
773691119,18027.0
791928503,12794.0
530656601,12832.0
358741199,16674.0
855309196,12375.0
872789645,16173.0
850233788,14171.0
586566078,13434.0
941869127,16761.0
505957072,14067.0
391177898,13808.0
746774443,12851.0
407823008,14335.0
647418468,14965.0
762423088,15136.0
836510910,16629.0
421821261,18261.0
469284300,15307.0
454477705,16820.0
456707273,17309.0
127699413,13949.0
869616328,14360.0
644737442,16400.0
762878729,14208.0
638570727,12526.0
978000616,13130.0
203748594,13210.0
344875833,17481.0
287110029,12685.0
903562636,17573.0
298739541,14452.0
365028233,13889.0
825713465,15488.0
155166554,18222.0
318366633,13244.0
469714096,17004.0
740144720,13441.0
793068164,13823.0
461018364,12879.0
889261496,16603.0
275579810,14824.0
623067721,16910.0
603335410,15652.0
569974839,16362.0
804456076,15035.0
325407444,14508.0
208533297,13272.0
612331717,17317.0
207692679,14212.0
576481262,13372.0
903656658,18255.0
649357508,14250.0
252090924,16796.0
914683782,14432.0
672077932,15782.0
824969691,12883.0
639730777,12965.0
999277090,15533.0
301081745,18215.0
674182859,18158.0
138882758,13375.0
122627050,13431.0
460299684,16211.0
795769074,12884.0
801610988,16141.0
965525648,17919.0
684188629,16360.0
455626711,17433.0
370360070,13704.0
257083259,14020.0
442056137,14359.0
969251067,16451.0
835469877,12940.0
167333210,15216.0
501783984,15522.0
898235254,17037.0
893775959,12822.0
451109131,15343.0
424218631,14753.0
275352025,16959.0
264026079,18251.0
927759439,13032.0
729684576,12895.0
943731597,17640.0
777291057,13860.0
123755788,12756.0
342622803,18001.0
429965944,17728.0
767674402,15933.0
331942051,14284.0
516050089,17347.0
978000154,15103.0
835165422,15707.0
852984078,13430.0
988942264,12566.0
918510218,13321.0
539203001,13877.0
981900955,15272.0
963199353,15322.0
722761245,17333.0
990679453,13518.0
534018585,14306.0
219879145,17679.0
115102476,16160.0
452915314,15573.0
453790495,14894.0
696074147,17434.0
744253977,15466.0
602541543,15511.0
532042281,17846.0
358920263,16189.0
571566514,15417.0
214788288,12995.0
919717745,14557.0
103049579,16108.0
571508621,17144.0
911724795,16924.0
500443748,15099.0
430360010,13323.0
855376314,14124.0
772405481,15975.0
183953602,15523.0
700722384,16878.0
860656087,15947.0
111437382,13247.0
463143405,13566.0
825737757,18194.0
803802517,16689.0
849398518,16438.0
758988307,13067.0
885849881,16460.0
650943398,13325.0
593510947,12640.0
660746382,13774.0
925535917,12497.0
135992058,12752.0
825491408,15504.0
849546729,15500.0
225787978,17557.0
767285213,13228.0
503398093,14356.0
703420367,13416.0
872030146,17628.0
932684212,16527.0
771411136,16428.0
944529328,15341.0
254355481,16215.0
277177694,14164.0
426176793,15888.0
294392597,17564.0
226487311,13356.0
452299434,12390.0
555528536,18228.0
208877894,17415.0
325883476,13350.0
178699010,12550.0
534784206,16627.0
680272891,17475.0
851684619,14951.0
863502179,14780.0
838020152,14887.0
397361356,15399.0
839265160,17466.0
131779756,16379.0
764111939,17172.0
601762693,15239.0
118929870,16213.0
426847530,15603.0
564872453,14261.0
125601209,12657.0
881015792,15571.0
570870965,15484.0
880147515,12936.0
305081688,16236.0
534264675,16669.0
676386971,15398.0
387054338,12906.0
625341834,17079.0
372174789,14125.0
844485330,17163.0
424397297,12952.0
769069611,12579.0
493472419,13279.0
615285019,12425.0
298335301,16715.0
463850102,13519.0
485652502,12546.0
376475926,15744.0
413347042,13127.0
594173310,15714.0
641327485,17480.0
968940172,15763.0
938551093,15075.0
389878864,16978.0
125987147,14014.0
565441053,16240.0
626325042,13336.0
152961202,14652.0
373963202,15807.0
289050008,15762.0
976209605,15475.0
171827960,15978.0
388971658,16485.0
917062562,12488.0
855797458,13083.0
954241086,16169.0
625431278,17506.0
476545865,16480.0
654020267,17006.0
231995119,17498.0
451357444,17131.0
611804039,13536.0
247734997,15429.0
193375435,17154.0
728012653,16594.0
423318754,16049.0
442693140,14757.0
906892389,16198.0
639104439,13670.0
455387097,18066.0
849055804,14806.0
684154922,12783.0
914162619,13429.0
311444309,15154.0
920422604,13390.0
585983166,12925.0
472724385,13927.0
798162286,18205.0
506856220,14908.0
521814781,13639.0
293389099,15958.0
683194803,15492.0
151265057,15243.0
731451210,16468.0
807091452,15344.0
218529224,13866.0
632769682,12612.0
372585958,16999.0
103981750,13514.0
334291702,13314.0
858762341,17805.0
229012328,18278.0
531235214,13979.0
414949288,16181.0
577108529,15568.0
500324721,16354.0
467286307,14412.0
727384979,16119.0
607330978,14109.0
657553917,16157.0
725339213,15348.0
689296451,16281.0
356664789,13924.0
517167107,14434.0
598758167,13061.0
282536604,17513.0
355058622,16909.0
762379548,16650.0
563683780,18192.0
876611950,17447.0
109505379,17427.0
479949730,15175.0
310613775,13960.0
221239613,17528.0
683068414,16361.0
499545040,13886.0
141504339,13354.0
276528543,15050.0
518892791,13503.0
388766210,16653.0
615282076,16574.0
722355195,13759.0
431349735,17813.0
468712140,12718.0
227686081,15949.0
849319682,12703.0
133542830,13364.0
935659760,16268.0
884962200,18053.0
186546633,16101.0
632791256,15565.0
438070086,18217.0
811191935,13954.0
253153166,15593.0
640088838,13095.0
639864121,15287.0
213231422,13347.0
444628843,15185.0
384474109,16404.0
642201075,16613.0
669226885,16591.0
537650337,15774.0
245323761,13558.0
542489311,16930.0
943731247,16533.0
773193631,18059.0
870840847,14488.0
577028091,16747.0
535966148,14333.0
451699404,13635.0
682755230,17330.0
891216864,17321.0
517608516,14815.0
678507513,15091.0
334190710,15088.0
181900074,15930.0
670923419,16183.0
380611193,13297.0
184358744,13801.0
710903980,16881.0
243390409,17014.0
221760359,15255.0
202121286,14184.0
677820624,13351.0
407559560,15739.0
171388495,12512.0
406357190,17957.0
591037960,15276.0
711939350,15127.0
640295613,16106.0
615725161,17666.0
506054960,13483.0
437887949,16478.0
682949344,17382.0
881277338,12789.0
885481332,16020.0
670193603,17222.0
646083536,16803.0
914576119,13947.0
921348313,16758.0
802685194,12719.0
316910864,17647.0
285062177,14054.0
878382060,12723.0
587979653,18033.0
986539444,13845.0
817427044,15837.0
868787781,12628.0
946453360,13177.0
708436420,14317.0
509511503,16295.0
998632406,13602.0
650140215,16895.0
889915342,17295.0
176833520,13504.0
724262284,13422.0
939581837,15264.0
953966771,16432.0
636844163,13816.0
275835835,14518.0
164275847,13882.0
697836212,15937.0
717145431,12923.0
652568700,17453.0
670440062,15766.0
403578897,15300.0
534107997,13348.0
776054743,14592.0
785036079,14792.0
332279905,17030.0
689293710,12420.0
845726658,14427.0
644723074,12519.0
995376837,13359.0
169903767,14138.0
568307510,15297.0
301919807,13876.0
503501459,12740.0
738030734,17086.0
358076357,13806.0
619196986,18096.0
320861014,13587.0
610215974,12856.0
798290652,13419.0
592803537,17509.0
183626367,16900.0
521692017,13689.0
341396453,13755.0
170946518,16104.0
610269267,13259.0
973052972,16248.0
193143779,15612.0
414955053,15787.0
334863472,16595.0
467394376,13260.0
209512420,15821.0
103691834,18088.0
964106435,16685.0
686775845,13193.0
292251149,13212.0
424555214,14801.0
895291614,16380.0
378423590,16921.0
692270078,15193.0
108530603,14027.0
570392027,16179.0
232446246,15473.0
817660564,17425.0
369125510,18169.0
810287200,18126.0
169891440,16688.0
871555688,16982.0
257015538,15330.0
282314498,17186.0
773804182,13685.0
992639647,16776.0
487214461,13980.0
152889893,13352.0
276608774,15553.0
729920399,15886.0
195164848,17203.0
651519390,12607.0
695302106,17459.0
224120052,12772.0
597496184,16561.0
439324990,14121.0
402494440,12371.0
235443863,17119.0
448867840,17620.0
642675026,12824.0
432194517,14710.0
836310567,16120.0
689036918,14624.0
503422438,16171.0
680630577,12536.0
261321747,13690.0
333983744,17934.0
465454529,14642.0
219864711,12602.0
414482396,16753.0
272216988,17737.0
799463813,13464.0
150897286,12667.0
918883695,12498.0
955751517,14537.0
947274635,17279.0
353590838,14251.0
748260799,12446.0
759980493,12631.0
987509243,14234.0
599775252,14975.0
983881384,13853.0
425481247,16773.0
311960825,16430.0
950996124,16793.0
383624781,18130.0
263284847,17614.0
467966847,13858.0
740018419,14856.0
537471059,14089.0
519149768,15478.0
794647286,16413.0
694538991,13810.0
115513378,16416.0
970531179,13006.0
666648933,17986.0
317776227,12454.0
218280036,14910.0
107681757,16243.0
277464517,13878.0
439754906,16934.0
760823535,15994.0
129122241,14547.0
763617023,16052.0
949388720,15113.0
872072969,12475.0
621604000,16542.0
521636398,18042.0
273202179,16563.0
849555793,17201.0
760043665,17520.0
165865738,13923.0
523945456,16412.0
313282728,17205.0
561509102,17534.0
274938509,15335.0
798864453,16737.0
922747339,15066.0
366323072,17206.0
811356022,17785.0
498191481,16932.0
310756795,16363.0
597309388,14830.0
612867617,17244.0
652803648,15355.0
121798142,15598.0
804951014,15637.0
813900949,16848.0
244814163,15678.0
199436886,14015.0
790902697,13594.0
845757121,15327.0
704344994,14861.0
881901995,14554.0
949201799,12611.0
945014803,14179.0
134190486,15604.0
209163323,14381.0
306502108,12572.0
203006493,16123.0
853685527,16851.0
568763465,17148.0
498569043,17549.0
336748377,17973.0
513561248,15610.0
519956657,15853.0
792415813,18019.0
527513436,14698.0
266238979,16826.0
586192736,17824.0
741609926,12522.0
333970059,15803.0
319690348,15006.0
422533691,17350.0
937954828,14799.0
596006794,15814.0
873027782,16260.0
424531636,14638.0
753670317,17354.0
506344982,13245.0
705731731,14923.0
944223991,16177.0
419863729,13366.0
264375083,16284.0
316522926,16846.0
751801442,14484.0
415636734,13897.0
683840766,14585.0
898732219,17125.0
230856361,15836.0
131791139,16313.0
796619317,13460.0
141685876,12403.0
805544822,14967.0
836252585,15286.0
851002787,17832.0
317579485,12646.0
889517303,16015.0
731733043,16311.0
515965105,15728.0
793956229,15740.0
900896301,13974.0
954473913,15677.0
473661986,15000.0
467435616,16017.0
911152949,13471.0
756850728,13598.0
591232524,18005.0
828278341,15427.0
406367834,15022.0
336118356,17111.0
423317183,17836.0
111686792,14629.0
569130752,15592.0
523595643,15277.0
406492628,16491.0
259639325,15516.0
382269679,14764.0
188401609,16742.0
212813819,15142.0
134810332,17344.0
512342721,18240.0
709708849,17081.0
597984632,14474.0
749306135,14139.0
516062192,15844.0
838737462,13176.0
269291672,12398.0
955735661,15345.0
204718143,16708.0
326167413,15963.0
162769225,18045.0
580406473,13182.0
514929705,15158.0
750852546,13028.0
479993510,13978.0
628044380,16056.0
544410829,12812.0
694866895,16071.0
872390235,14539.0
663919753,14550.0
530986379,17712.0
502362905,14102.0
523653757,14598.0
823725963,15320.0
864396345,16415.0
544904399,12448.0
267277589,12827.0
543930830,16345.0
848019276,15993.0
863901157,17895.0
562535183,15948.0
887898887,15659.0
233572277,18154.0
163672921,12630.0
965191626,13363.0
473364982,18276.0
438511354,17684.0
539219799,17878.0
764972075,14752.0
145829332,16847.0
525327210,14971.0
315693985,17545.0
458117720,16026.0
901888123,16513.0
208130620,12430.0
706369989,14357.0
474777443,16855.0
152569036,16680.0
967834580,18035.0
671725411,16648.0
248856346,16164.0
164126482,14218.0
439199700,15096.0
949030592,18030.0
824399369,14416.0
712973910,17839.0
650632803,16601.0
360925959,12912.0
476415021,13278.0
912927245,14582.0
893394300,15748.0
407749410,16079.0
324336990,17590.0
748397470,15054.0
222974658,14158.0
395598206,15385.0
753264265,16506.0
157820161,13822.0
933032994,18067.0
980987161,16190.0
718911789,15444.0
263995991,13607.0
172065766,12581.0
293460144,15360.0
547894728,13103.0
607754812,15667.0
169000571,13651.0
248145666,12552.0
593646268,16127.0
527162170,12588.0
865634654,15977.0
419533658,13697.0
655498305,14345.0
208801089,17503.0
921234748,16830.0
248452025,17495.0
379070594,12491.0
158196720,14485.0
611632418,13868.0
253136087,15423.0
607313135,17668.0
297295707,16971.0
760115887,16352.0
839400524,16884.0
581603613,15830.0
990415052,14216.0
180234775,15275.0
930117389,16790.0
996455486,15576.0
725696253,18105.0
887699468,18164.0
291519629,14974.0
663895393,17947.0
909759159,13318.0
741625358,18104.0
105848846,13271.0
375208620,17595.0
576041887,14528.0
600464203,17432.0
480595853,16337.0
164207595,14098.0
967621620,15551.0
112788057,16347.0
346149229,13721.0
210786513,16322.0
311932447,17403.0
344705368,16914.0
781706982,16602.0
946296872,12544.0
888717507,13914.0
162680904,13467.0
562244624,17221.0
563399660,17078.0
380973265,13447.0
478373177,15010.0
858160502,18022.0
535037458,16318.0
281381424,17274.0
910930796,15597.0
800994044,17233.0
531839339,16887.0
205840762,13938.0
470889902,17084.0
675010687,14882.0
363682728,15017.0
657790811,12882.0
882938446,17387.0
138118018,13727.0
334401320,13532.0
677307525,16445.0
747856175,15156.0
731698097,16372.0
287159057,17608.0
555359415,12638.0
646404434,14174.0
226977268,14039.0
457067695,13040.0
568409387,15883.0
177798915,14664.0
830374515,15526.0
166149946,17831.0
638333169,15025.0
776943182,12357.0
167808850,17761.0
787905721,15870.0
628929471,14080.0
835169969,17623.0
219016478,13673.0
670760710,14073.0
862776624,16070.0
349890519,13066.0
214003533,14929.0
186785774,13710.0
711121914,16732.0
659524412,14140.0
251433293,17219.0
471797450,16505.0
167787738,15957.0
824307097,18123.0
839933561,15043.0
228701951,17313.0
849786618,18216.0
819496233,17022.0
740486617,15153.0
891609994,16759.0
993367113,16751.0
471122342,12893.0
309174967,14836.0
838777229,17011.0
973628628,12532.0
771043014,17038.0
983489720,14968.0
322505171,12504.0
187071944,16516.0
693963468,13522.0
139975163,15986.0
849208742,13992.0
824081178,14354.0
434432229,16986.0
863912999,16953.0
175234912,18274.0
986501537,15450.0
800750049,15531.0
860901118,17500.0
440091646,17197.0
590668511,16025.0
117904951,12659.0
566998344,17461.0
400929381,17791.0
889400631,15463.0
232396713,17977.0
427910483,12617.0
604236377,14863.0
212442972,16903.0
305223610,12508.0
569235010,17502.0
403862329,12538.0
970240833,17901.0
661282118,14789.0
389688178,18209.0
544986548,12985.0
876585156,15557.0
865453371,16433.0
499993618,15692.0
236266364,17052.0
488031115,16368.0
681920492,18014.0
603160371,13732.0
214042947,13091.0
602702494,14661.0
377124964,13170.0
837745247,15654.0
487601583,13146.0
136734065,14788.0
798381393,13603.0
128709277,14382.0
315221114,16720.0
670533872,14904.0
649258272,14494.0
422330866,14902.0
310054014,16936.0
385607479,12938.0
623657319,15168.0
177398645,17538.0
837257895,18082.0
583125316,18117.0
495835107,15458.0
451951971,17566.0
476116204,16207.0
149541446,12762.0
353787491,17793.0
228650659,14953.0
737807476,16504.0
734135916,12374.0
452103915,15009.0
902636471,16423.0
783971229,15419.0
832254283,17510.0
450671048,15758.0
284746154,15524.0
243751785,14725.0
319114609,14666.0
404473369,14714.0
174337700,17153.0
362891033,12950.0
727691370,15720.0
697926766,18181.0
842672506,15556.0
388228861,17357.0
530064124,12890.0
174866604,13449.0
844229807,15269.0
875860208,14385.0
798544832,15900.0
948856955,17680.0
910963053,13926.0
942854836,16204.0
711208820,17896.0
834261372,17835.0
632224947,15432.0
730673955,18006.0
529633461,15657.0
766931867,17237.0
897073688,13160.0
253429332,12847.0
489522642,17397.0
628983508,17985.0
620631959,14362.0
205830847,13828.0
598731766,15435.0
214066293,12445.0
143622255,12603.0
465355108,14641.0
975858881,12618.0
645322952,15621.0
805078441,12391.0
924934805,18034.0
568852237,17286.0
526978342,17904.0
167342159,17301.0
705182103,15368.0
442687067,14793.0
620330621,17650.0
584611371,12702.0
144379317,14881.0
603796605,16784.0
693888888,14052.0
769779538,18110.0
784433923,17561.0
988381842,15988.0
189853353,17523.0
692929356,14950.0
209714792,16666.0
191968648,14860.0
270571403,17636.0
916040919,13832.0
773229928,13142.0
886467733,16366.0
173712913,14300.0
613931179,12349.0
877701938,12658.0
635202360,12795.0
995780027,15567.0
954722021,15645.0
304746150,16406.0
861397089,15857.0
632220472,12984.0
888366578,17253.0
153586345,13739.0
952386880,18139.0
793324618,15274.0
403686639,17010.0
609375828,15115.0
350725026,17100.0
816789762,15699.0
689425196,13403.0
397738151,16956.0
617064580,17600.0
218780931,15877.0
625454666,14424.0
994826696,13322.0
555977582,17297.0
290199063,13986.0
835233472,12920.0
992190061,18249.0
280144090,15634.0
917942721,16376.0
802174921,16811.0
904705353,12452.0
444160222,14581.0
816220377,14675.0
989820995,17290.0
344176115,16343.0
341553860,13638.0
567323028,16482.0
906344361,12784.0
292169294,17458.0
493517060,14785.0
707405894,17254.0
518960844,17767.0
629740240,15725.0
403038313,17247.0
604547966,18184.0
608276217,15428.0
182139407,17727.0
313805490,14756.0
532234827,16856.0
772051590,14703.0
835248014,17385.0
745450786,12531.0
811601606,15872.0
813211241,14966.0
181166184,17232.0
658743502,17468.0
866668488,13332.0
361788879,14946.0
155643246,13256.0
745138108,13596.0
201808376,16024.0
365514005,14954.0
102943833,17885.0
809233971,14093.0
350415807,14893.0
498940786,15721.0
280718094,17852.0
797004451,13844.0
608542563,12479.0
811017707,12660.0
671436471,15540.0
704167178,17379.0
731156512,16800.0
718190269,17806.0
907179286,17359.0
166720103,13188.0
311988162,14480.0
550017579,13349.0
132469695,15619.0
403794525,15148.0
879773791,14601.0
179923768,15783.0
368663098,17772.0
600331149,14126.0
717417773,16479.0
126870827,13428.0
904307980,15790.0
827993671,13521.0
102013061,14349.0
651122319,18058.0
248967102,12953.0
935316959,12966.0
528338081,15060.0
298755061,17911.0
600550171,14804.0
709007049,15904.0
959041751,16789.0
957964519,12558.0
197478182,17942.0
219724657,12587.0
850109858,13560.0
698723524,15539.0
840376272,13017.0
887378753,18174.0
164867137,13153.0
356795704,15773.0
951678905,17936.0
139631749,16535.0
655662540,16988.0
905376273,15097.0
689242652,18015.0
292700716,16597.0
712543478,13790.0
728765218,14219.0
349469171,12367.0
230350796,17383.0
483022901,12478.0
299952273,15992.0
523394712,15318.0
833968962,17914.0
518188755,16528.0
480274179,12442.0
710474410,16569.0
299449712,12650.0
592116503,14578.0
529598951,16000.0
552762754,15195.0
555869991,14087.0
966206148,14204.0
630627809,15471.0
716879002,13436.0
180524186,15520.0
789014634,13298.0
848420368,14569.0
